Workbook

Sheet 0_Hướng dẫn
A1: CS13 · Lộ trình sản phẩm AI — File thực hành · Đề 3 · RaViện
A2: AI in Action · Track 1 · Khóa 4. FILE LÀM BÀI CỦA NHÓM · Đề 3 · RaViện. Dữ liệu của đề nằm trong file CS13_HoSoTinhHuong.pdf; file CS13_Roadmap_Mau.xlsx là bản mẫu đã điền (một sản phẩm khác) để xem cách điền.
A4: Luật chơi: CHỈ điền vào ô màu VÀNG. Ô màu XANH là công thức và đã được khóa. Bắt đầu bằng trang 0_Đầu vào (Nhiệm vụ 0: đọc hồ sơ tình huống).
A5: Thứ tự làm: 0 Đọc hồ sơ → 1 Danh sách việc → 2 Mức tự động → 3 Bảng lộ trình → 4 Rà soát → 6 Tự kiểm tra. Trang 5 (slide lãnh đạo) làm ở nhà.
A6: Số liệu kinh tế của đề đã điền sẵn ở trang 2, dòng 12–20. Không cần file của buổi nào khác: mọi dữ liệu cần dùng nằm trong hồ sơ tình huống, Đề 3.
A7: Lộ trình theo GIẢ THUYẾT: mỗi hạng mục phải trả lời 'Ta tin rằng làm X sẽ giúp Y đạt Z; biết đúng khi chỉ số W đạt ngưỡng V'.
A8: Tên file nộp: [Nhom]_CS13.xlsx · Nộp bản có Nhiệm vụ 1–4 lên VLearn trước 18:00 ngày 16/10. Trang 5 (Nhiệm vụ 5, làm ở nhà) nộp trước 23:59 ngày 19/10.
A9: Tuân thủ: Luật Trí tuệ nhân tạo số 134/2025/QH15 (hiệu lực 01/3/2026) chia hệ thống AI thành 3 mức rủi ro và yêu cầu người dùng được thông tin khi tương tác với AI. Đọc văn bản gốc trước khi ghi vào bài.
A11: Chú thích màu:
A12: Ô điền giả định (không khóa)
A13: Ô công thức (tự tính, đã khóa)

Sheet 0_Đầu vào
A1: 0 · Nhiệm vụ 0: đọc hồ sơ tình huống, Đề 3 (5 phút)
A2: Cả nhóm đọc cùng một hồ sơ trước khi điền. Nhiệm vụ 0 không tính điểm; đánh dấu "Có" khi cả nhóm đã đọc mục đó.
A4: Mục trong hồ sơ tình huống | B4: Nhóm đã đọc chưa? | C4: Dùng ở đâu trong file | D4: Lưu ý | E4: Ghi chú của nhóm
A5: Số liệu kinh tế của đề (9 dòng) | B5: Có | C5: Đã điền sẵn ở trang 2, dòng 12–20: chi phí mỗi việc, biên lợi nhuận, điều kiện dừng | D5: Đọc để hiểu; không cần chép | E5: Nguồn: CS13_HoSoTinhHuong.pdf, tr.6–7, Đề 3. Giữ nguyên 9 số liệu kinh tế. Ngưỡng mới, điểm ưu tiên và ngân sách là đề xuất, chưa phải actual.
A6: Bối cảnh, sản phẩm, "1 việc" là gì | B6: Có | C6: Giả thuyết và chỉ số ở trang 1 | D6: Viết giả thuyết theo đúng "1 việc" của đề | E6: RaViện cho bác sĩ khoa nội. 1 việc = 1 bản nháp cho 1 người bệnh. Bác sĩ bệnh viện luôn đọc và ký 100%.
A7: 6 việc gợi ý | B7: Có | C7: Trang 1, cột B–C; nhóm được thêm việc của mình | D7: Giữ, bỏ hay đổi thứ tự đều phải ghi lý do ở cột Q | E7: Giữ 6 việc gợi ý. Ưu tiên đối chiếu thuốc và phát hiện mâu thuẫn trước mở rộng soạn nháp. Chờ chuyển khoa, mua/tích hợp mã hóa có sẵn.
A8: Kết quả đánh giá đã có (bộ đề, cổng phát hành) | B8: Có | C8: Cổng đánh giá ở trang 2; việc cần làm trước ở trang 3 | D8: Đề 2, 3: kết luận chưa phải "Phát hành" → có việc phải làm trước | E8: Bộ 40 ca: đạt 96,6%, 1 lỗi insulin, 0 tầng tụt, kappa 0,90. Chưa phát hành. Thêm 5 ca insulin, sửa và chạy lại cả 45 ca.
A9: Chuyên gia và số giờ của họ | B9: Có | C9: Dòng "Điều kiện cần" ở trang 3; ô "Cần gì" ở trang 5 | D9: Dẫn đúng số giờ trong hồ sơ | E9: BS. Phương 18 năm, DS. Hải 7 năm. Vòng 40 ca tốn 20,3 giờ tổng. Đề xuất đặt 24 giờ chuyên gia cho 45 ca. Hồ sơ chưa cho giờ rảnh từng người.
A10: Gợi ý về người duyệt và mức tự động | B10: Có | C10: Trang 2, cột H và I | D10: Đề 3: bác sĩ của bệnh viện không tính vào chi phí | E10: Người của mình = dược sĩ công ty kiểm phần thuốc (3 phút, 150.000đ/giờ). Bác sĩ bệnh viện không tính vào chi phí này.
A12: Số mục nhóm đã đọc | B12: =COUNTIF(B5:B10,"Có") -> 6
A13: Đủ 6/6 thì sang Nhiệm vụ 1.

Sheet 1_Danh sách việc
A1: 1 · Danh sách việc và chấm điểm ưu tiên
A2: Điểm = Độ phủ × Tác động × Mức tự tin ÷ Công sức × (0,5 + 0,5 × sẵn sàng trung bình của dữ liệu và đánh giá) × (1 − 0,5 × rủi ro bị 'nuốt')
A4: STT | B4: Việc | C4: Kết quả muốn đạt | D4: Giả thuyết (Ta tin rằng…) | E4: Chỉ số thành công và ngưỡng | F4: Độ phủ 1–5 | G4: Tác động 1–5 | H4: Mức tự tin 0,5 / 0,8 / 1 | I4: Công sức 1–5 | J4: Sẵn sàng dữ liệu 0–1 | K4: Sẵn sàng đánh giá 0–1 | L4: Rủi ro bị nuốt 0–1 | M4: ĐIỂM | N4: Xếp hạng | O4: Chỉ số có con số? | P4: Tự làm / Mua / Chờ / Không làm | Q4: Lý do (đổi thứ tự, chọn mua hay chờ…)
A5: 1 | B5: Soạn nháp diễn biến và chẩn đoán từ hồ sơ | C5: Bác sĩ bớt 2/3 thời gian viết tóm tắt | D5: Ta tin rằng soạn nháp có dẫn nguồn cho bác sĩ nội khoa sẽ giảm 2/3 thời gian hoàn tất bản tóm tắt trong 90 ngày thử nghiệm. | E5: Ngày 90: trung vị thời gian đọc/sửa/ký giảm ≥66,7% trên 100 ca so với tự viết cùng độ khó. Tỷ lệ sửa nhiều ≤30% trên ≥300 ca. | F5: 5 | G5: 5 | H5: 0.8 | I5: 3 | J5: 0.8 | K5: 0.7 | L5: 0.5 | M5: =IF(COUNT(F5:L5)<7,"",ROUND(F5*G5*H5/I5*(0.5+0.5*AVERAGE(J5:K5))*(1-0.5*L5),2)) -> 4.38 | N5: =IF(M5="","",1+COUNTIF($M$5:$M$14,">"&M5)) -> 3 | O5: =IF(B5="","",IF(OR(D5="",E5=""),"Thiếu",IF(OR(ISNUMBER(SEARCH("0",E5)),ISNUMBER(SEARCH("1",E5)),ISNUMBER(SEARCH("2",E5)),ISNUMBER(SEARCH("3",E5)),ISNUMBER(SEARCH("4",E5)),ISNUMBER(SEARCH("5",E5)),ISNUMBER(SEARCH("6",E5)),ISNUMBER(SEARCH("7",E5)),ISNUMBER(SEARCH("8",E5)),ISNUMBER(SEARCH("9",E5))),"Có","Thiếu"))) -> Có | P5: Tự làm | Q5: Dữ liệu nội khoa đã có, eval còn lỗi thuốc. Chỉ thử nghiệm sau cổng 45 ca. Mô hình nền dễ soạn nháp nhưng thiếu tích hợp và truy vết bệnh viện.
A6: 2 | B6: Đối chiếu thuốc ra viện với y lệnh cuối | C6: Không sai thuốc khi ra viện | D6: Ta tin rằng đối chiếu có cấu trúc tên thuốc, liều và thời điểm với y lệnh cuối sẽ chặn lỗi insulin trước khi bác sĩ ký. | E6: Ngày 30: 0 lỗi nghiêm trọng/45 ca (40 cũ + 5 insulin). Trước Mức 2: 0 lỗi thuốc/600 ca giữ kín có chuyên gia xác nhận. | F6: 5 | G6: 5 | H6: 1 | I6: 2 | J6: 0.9 | K6: 0.8 | L6: 0.1 | M6: =IF(COUNT(F6:L6)<7,"",ROUND(F6*G6*H6/I6*(0.5+0.5*AVERAGE(J6:K6))*(1-0.5*L6),2)) -> 10.98 | N6: =IF(M6="","",1+COUNTIF($M$5:$M$14,">"&M6)) -> 1 | O6: =IF(B6="","",IF(OR(D6="",E6=""),"Thiếu",IF(OR(ISNUMBER(SEARCH("0",E6)),ISNUMBER(SEARCH("1",E6)),ISNUMBER(SEARCH("2",E6)),ISNUMBER(SEARCH("3",E6)),ISNUMBER(SEARCH("4",E6)),ISNUMBER(SEARCH("5",E6)),ISNUMBER(SEARCH("6",E6)),ISNUMBER(SEARCH("7",E6)),ISNUMBER(SEARCH("8",E6)),ISNUMBER(SEARCH("9",E6))),"Có","Thiếu"))) -> Có | P6: Tự làm | Q6: Ưu tiên đầu vì đã có 1 lỗi nghiêm trọng và cổng phát hành đang đóng. Eval thuốc có tiêu chí rõ, cần bổ sung hồi quy insulin.
A7: 3 | B7: Đánh dấu hồ sơ mâu thuẫn cho bác sĩ | C7: Ca khó không bị viết như ca thường | D7: Ta tin rằng gắn cờ nguồn mâu thuẫn và chặn trường thiếu sẽ giúp bác sĩ nhận ra ca nguy hiểm trước khi dùng bản nháp. | E7: Ngày 60: phát hiện ≥95% trên 100 ca mâu thuẫn gán nhãn. 0 bỏ sót mâu thuẫn thuốc trong tập này. Cờ thừa ≤20% trên 100 ca thường. | F7: 5 | G7: 5 | H7: 0.8 | I7: 2 | J7: 0.7 | K7: 0.6 | L7: 0.2 | M7: =IF(COUNT(F7:L7)<7,"",ROUND(F7*G7*H7/I7*(0.5+0.5*AVERAGE(J7:K7))*(1-0.5*L7),2)) -> 7.43 | N7: =IF(M7="","",1+COUNTIF($M$5:$M$14,">"&M7)) -> 2 | O7: =IF(B7="","",IF(OR(D7="",E7=""),"Thiếu",IF(OR(ISNUMBER(SEARCH("0",E7)),ISNUMBER(SEARCH("1",E7)),ISNUMBER(SEARCH("2",E7)),ISNUMBER(SEARCH("3",E7)),ISNUMBER(SEARCH("4",E7)),ISNUMBER(SEARCH("5",E7)),ISNUMBER(SEARCH("6",E7)),ISNUMBER(SEARCH("7",E7)),ISNUMBER(SEARCH("8",E7)),ISNUMBER(SEARCH("9",E7))),"Có","Thiếu"))) -> Có | P7: Tự làm | Q7: Đứng sau đối chiếu thuốc vì thiếu nhãn mâu thuẫn. Tách ca nguy hiểm khỏi luồng tự xử lý, không ép giảm duyệt để đạt biên.
A8: 4 | B8: Lời dặn dễ hiểu cho người bệnh | C8: Người bệnh làm đúng lời dặn | D8: Ta tin rằng viết lại lời dặn đã được bác sĩ duyệt bằng ngôn ngữ dễ hiểu sẽ giúp người bệnh nhắc lại đúng hướng dẫn. | E8: Sau cổng Mức 1: ≥80% trong 50 người tham gia mô phỏng nhắc lại đúng 3 ý chính. 0 thay đổi nội dung thuốc/100 bản bác sĩ kiểm. | F8: 4 | G8: 3 | H8: 0.5 | I8: 2 | J8: 0.7 | K8: 0.4 | L8: 0.8 | M8: =IF(COUNT(F8:L8)<7,"",ROUND(F8*G8*H8/I8*(0.5+0.5*AVERAGE(J8:K8))*(1-0.5*L8),2)) -> 1.4 | N8: =IF(M8="","",1+COUNTIF($M$5:$M$14,">"&M8)) -> 4 | O8: =IF(B8="","",IF(OR(D8="",E8=""),"Thiếu",IF(OR(ISNUMBER(SEARCH("0",E8)),ISNUMBER(SEARCH("1",E8)),ISNUMBER(SEARCH("2",E8)),ISNUMBER(SEARCH("3",E8)),ISNUMBER(SEARCH("4",E8)),ISNUMBER(SEARCH("5",E8)),ISNUMBER(SEARCH("6",E8)),ISNUMBER(SEARCH("7",E8)),ISNUMBER(SEARCH("8",E8)),ISNUMBER(SEARCH("9",E8))),"Có","Thiếu"))) -> Có | P8: Tự làm | Q8: Thử nhỏ ở Tiếp theo, luôn dùng lời dặn đã duyệt. Rủi ro bị nuốt cao vì mô hình phổ thông viết lại tốt. Giá trị riêng là giữ nguyên ý và nguồn.
A9: 5 | B9: Tóm tắt hồ sơ khi chuyển khoa | C9: Khoa nhận nắm ca nhanh hơn | D9: Ta tin rằng tóm tắt chuyển khoa theo cấu trúc sẽ giảm thời gian đọc hồ sơ của khoa nhận sau khi có bộ đề riêng. | E9: Chỉ xem lại sau tháng 6 nếu có ≥100 ca chuyển khoa gán nhãn. Thử 50 ca đạt giảm ≥30% thời gian tìm thông tin và 0 lỗi thuốc. | F9: 3 | G9: 3 | H9: 0.5 | I9: 4 | J9: 0.2 | K9: 0.1 | L9: 0.5 | M9: =IF(COUNT(F9:L9)<7,"",ROUND(F9*G9*H9/I9*(0.5+0.5*AVERAGE(J9:K9))*(1-0.5*L9),2)) -> 0.49 | N9: =IF(M9="","",1+COUNTIF($M$5:$M$14,">"&M9)) -> 6 | O9: =IF(B9="","",IF(OR(D9="",E9=""),"Thiếu",IF(OR(ISNUMBER(SEARCH("0",E9)),ISNUMBER(SEARCH("1",E9)),ISNUMBER(SEARCH("2",E9)),ISNUMBER(SEARCH("3",E9)),ISNUMBER(SEARCH("4",E9)),ISNUMBER(SEARCH("5",E9)),ISNUMBER(SEARCH("6",E9)),ISNUMBER(SEARCH("7",E9)),ISNUMBER(SEARCH("8",E9)),ISNUMBER(SEARCH("9",E9))),"Có","Thiếu"))) -> Có | P9: Chờ | Q9: Chưa có bộ đề chuyển khoa theo hồ sơ. Xem lại ngày 180 khi nội khoa đã qua cổng và có nguồn lực dữ liệu.
A10: 6 | B10: Mã hoá bệnh cho thanh toán bảo hiểm | C10: Bớt giờ của phòng kế hoạch | D10: Ta tin rằng tích hợp phần mềm mã hóa đang có của bệnh viện sẽ giảm giờ nhập lại mà không xây mô-đun AI mới. | E10: Ngày 90 chỉ quyết định tích hợp nếu thử 50 hồ sơ đạt ≥95% mã khớp người kiểm và giảm ≥30% thời gian nhập lại. | F10: 3 | G10: 2 | H10: 0.8 | I10: 2 | J10: 0.8 | K10: 0.6 | L10: 0.9 | M10: =IF(COUNT(F10:L10)<7,"",ROUND(F10*G10*H10/I10*(0.5+0.5*AVERAGE(J10:K10))*(1-0.5*L10),2)) -> 1.12 | N10: =IF(M10="","",1+COUNTIF($M$5:$M$14,">"&M10)) -> 5 | O10: =IF(B10="","",IF(OR(D10="",E10=""),"Thiếu",IF(OR(ISNUMBER(SEARCH("0",E10)),ISNUMBER(SEARCH("1",E10)),ISNUMBER(SEARCH("2",E10)),ISNUMBER(SEARCH("3",E10)),ISNUMBER(SEARCH("4",E10)),ISNUMBER(SEARCH("5",E10)),ISNUMBER(SEARCH("6",E10)),ISNUMBER(SEARCH("7",E10)),ISNUMBER(SEARCH("8",E10)),ISNUMBER(SEARCH("9",E10))),"Có","Thiếu"))) -> Có | P10: Mua | Q10: Bệnh viện đã có phần mềm chuyên dụng. Mua quyền kết nối/tích hợp khi cần, tránh xây lại. Xếp sau an toàn dù điểm có thể cao hơn việc chờ dữ liệu.
A11: 7 | M11: =IF(COUNT(F11:L11)<7,"",ROUND(F11*G11*H11/I11*(0.5+0.5*AVERAGE(J11:K11))*(1-0.5*L11),2)) | N11: =IF(M11="","",1+COUNTIF($M$5:$M$14,">"&M11)) | O11: =IF(B11="","",IF(OR(D11="",E11=""),"Thiếu",IF(OR(ISNUMBER(SEARCH("0",E11)),ISNUMBER(SEARCH("1",E11)),ISNUMBER(SEARCH("2",E11)),ISNUMBER(SEARCH("3",E11)),ISNUMBER(SEARCH("4",E11)),ISNUMBER(SEARCH("5",E11)),ISNUMBER(SEARCH("6",E11)),ISNUMBER(SEARCH("7",E11)),ISNUMBER(SEARCH("8",E11)),ISNUMBER(SEARCH("9",E11))),"Có","Thiếu")))
A12: 8 | M12: =IF(COUNT(F12:L12)<7,"",ROUND(F12*G12*H12/I12*(0.5+0.5*AVERAGE(J12:K12))*(1-0.5*L12),2)) | N12: =IF(M12="","",1+COUNTIF($M$5:$M$14,">"&M12)) | O12: =IF(B12="","",IF(OR(D12="",E12=""),"Thiếu",IF(OR(ISNUMBER(SEARCH("0",E12)),ISNUMBER(SEARCH("1",E12)),ISNUMBER(SEARCH("2",E12)),ISNUMBER(SEARCH("3",E12)),ISNUMBER(SEARCH("4",E12)),ISNUMBER(SEARCH("5",E12)),ISNUMBER(SEARCH("6",E12)),ISNUMBER(SEARCH("7",E12)),ISNUMBER(SEARCH("8",E12)),ISNUMBER(SEARCH("9",E12))),"Có","Thiếu")))
A13: 9 | M13: =IF(COUNT(F13:L13)<7,"",ROUND(F13*G13*H13/I13*(0.5+0.5*AVERAGE(J13:K13))*(1-0.5*L13),2)) | N13: =IF(M13="","",1+COUNTIF($M$5:$M$14,">"&M13)) | O13: =IF(B13="","",IF(OR(D13="",E13=""),"Thiếu",IF(OR(ISNUMBER(SEARCH("0",E13)),ISNUMBER(SEARCH("1",E13)),ISNUMBER(SEARCH("2",E13)),ISNUMBER(SEARCH("3",E13)),ISNUMBER(SEARCH("4",E13)),ISNUMBER(SEARCH("5",E13)),ISNUMBER(SEARCH("6",E13)),ISNUMBER(SEARCH("7",E13)),ISNUMBER(SEARCH("8",E13)),ISNUMBER(SEARCH("9",E13))),"Có","Thiếu")))
A14: 10 | M14: =IF(COUNT(F14:L14)<7,"",ROUND(F14*G14*H14/I14*(0.5+0.5*AVERAGE(J14:K14))*(1-0.5*L14),2)) | N14: =IF(M14="","",1+COUNTIF($M$5:$M$14,">"&M14)) | O14: =IF(B14="","",IF(OR(D14="",E14=""),"Thiếu",IF(OR(ISNUMBER(SEARCH("0",E14)),ISNUMBER(SEARCH("1",E14)),ISNUMBER(SEARCH("2",E14)),ISNUMBER(SEARCH("3",E14)),ISNUMBER(SEARCH("4",E14)),ISNUMBER(SEARCH("5",E14)),ISNUMBER(SEARCH("6",E14)),ISNUMBER(SEARCH("7",E14)),ISNUMBER(SEARCH("8",E14)),ISNUMBER(SEARCH("9",E14))),"Có","Thiếu")))

Sheet 2_Mức tự động
A1: 2 · Lộ trình tăng dần mức tự động và cổng đánh giá
A2: Mỗi lần lên mức phải qua một cổng đánh giá bằng con số. Chưa qua cổng thì chưa lên mức, dù đã đến ngày. Mức tự động quyết định chi phí mỗi việc: xem cột H–L.
A4: Mức | B4: Tên mức | C4: AI làm gì | D4: Người làm gì | E4: Cổng đánh giá để lên mức này (chỉ số + ngưỡng + cỡ mẫu) | F4: Dữ liệu / hạ tầng / tuân thủ cần có | G4: Dự kiến (kế hoạch nội bộ, không phải cam kết) | H4: % việc có người duyệt | I4: Ai duyệt | J4: Chi phí mỗi việc (đ) | K4: Biên lợi nhuận gộp | L4: Biên ≥ 60%? | M4: Cổng có con số?
A5: 0 | B5: Gợi ý | C5: AI soạn nháp trong môi trường shadow, chưa phát hành. Chặn thiếu nguồn thuốc. | D5: DS kiểm 100% thuốc. Bác sĩ so sánh bản nháp với hồ sơ, tự hoàn tất và ký. | E5: Đang chưa phát hành do 1 lỗi insulin. Phải qua cổng Mức 1 trước pilot. | F5: 45 ca khử định danh, y lệnh có thời điểm, phân quyền, log phiên bản, chặn gửi khi chưa ký. | G5: Ngày 1–30 | H5: 1 | I5: Người của mình | J5: =IF(H5="","",$B$12+$B$13+IF(I5="Người của mình",H5*$B$14*$B$15/60,0)) -> 11668 | K5: =IF(J5="","",IFERROR(($B$16-$B$17*J5)/$B$16,"")) -> 0.06656 | L5: =IF(K5="","",IF(K5>=0.6,"Đạt","Dưới ngưỡng")) -> Dưới ngưỡng
A6: 1 | B6: Hỗ trợ có duyệt | C6: AI soạn nháp nội khoa và đánh dấu mâu thuẫn, không tự gửi. | D6: DS công ty kiểm 100% phần thuốc. Bác sĩ bệnh viện đọc/sửa/ký 100% bản nháp. | E6: Sửa lỗi insulin, thêm 5 ca và chạy lại đủ 45 ca: đạt quy về thực tế ≥95%, 0 lỗi nghiêm trọng, 0 tầng tụt, kappa ≥0,8. BS. Phương và DS. Hải ký xác nhận. Chạy shadow 2 tuần trước pilot, 0 lỗi thuốc sau duyệt. | F6: Bộ 45 ca, trace tới y lệnh cuối, quy trình sự cố và rollback. Chốt 24 giờ chuyên gia (đề xuất), cơ sở sử dụng dữ liệu, lưu trữ nội bộ. | G6: Ngày 31–90 nếu qua cổng | H6: 1 | I6: Người của mình | J6: =IF(H6="","",$B$12+$B$13+IF(I6="Người của mình",H6*$B$14*$B$15/60,0)) -> 11668 | K6: =IF(J6="","",IFERROR(($B$16-$B$17*J6)/$B$16,"")) -> 0.06656 | L6: =IF(K6="","",IF(K6>=0.6,"Đạt","Dưới ngưỡng")) -> Dưới ngưỡng | M6: =IF(E6="","",IF(OR(ISNUMBER(SEARCH("0",E6)),ISNUMBER(SEARCH("1",E6)),ISNUMBER(SEARCH("2",E6)),ISNUMBER(SEARCH("3",E6)),ISNUMBER(SEARCH("4",E6)),ISNUMBER(SEARCH("5",E6)),ISNUMBER(SEARCH("6",E6)),ISNUMBER(SEARCH("7",E6)),ISNUMBER(SEARCH("8",E6)),ISNUMBER(SEARCH("9",E6))),"Có","Thiếu")) -> Có
A7: 2 | B7: Tự động một phần | C7: AI soạn nháp ca thường đã đủ nguồn, chuyển ca nguy hiểm/mâu thuẫn cho người. | D7: Dược sĩ kiểm toàn bộ cờ + mẫu ngẫu nhiên, tổng dự kiến 10%. Bác sĩ vẫn đọc/ký 100%. Nếu cờ vượt kế hoạch: duyệt đầy đủ và tính lại giá. | E7: Chỉ xét khi Mức 1 đạt. 0 lỗi thuốc trên ≥600 ca giữ kín do DS. Hải đối chiếu (3/n ≈0,5%, không chứng minh an toàn tuyệt đối). ≥95% đạt trên bộ 45 ca, 0 tầng tụt. Pilot 10% ca thường trong 2 tuần: sửa nhiều ≤30%, tổng ca cần dược sĩ ≤10%. BS. Phương + DS. Hải duyệt. | F7: Bộ giữ kín mới 600 ca, tối thiểu 30 giờ kiểm thuốc ở giả định 3 phút/ca. Audit, rollback, version pinning. Chỉ dùng phạm vi nội khoa đã kiểm chứng. | G7: Tháng 3–6, ngày 90 quyết định | H7: 0.1 | I7: Người của mình | J7: =IF(H7="","",$B$12+$B$13+IF(I7="Người của mình",H7*$B$14*$B$15/60,0)) -> 4918 | K7: =IF(J7="","",IFERROR(($B$16-$B$17*J7)/$B$16,"")) -> 0.60656 | L7: =IF(K7="","",IF(K7>=0.6,"Đạt","Dưới ngưỡng")) -> Đạt | M7: =IF(E7="","",IF(OR(ISNUMBER(SEARCH("0",E7)),ISNUMBER(SEARCH("1",E7)),ISNUMBER(SEARCH("2",E7)),ISNUMBER(SEARCH("3",E7)),ISNUMBER(SEARCH("4",E7)),ISNUMBER(SEARCH("5",E7)),ISNUMBER(SEARCH("6",E7)),ISNUMBER(SEARCH("7",E7)),ISNUMBER(SEARCH("8",E7)),ISNUMBER(SEARCH("9",E7))),"Có","Thiếu")) -> Có
A8: 3 | B8: Không làm: tự gửi | C8: Không làm mức tự gửi cho người bệnh. | D8: Bác sĩ luôn đọc và ký 100%. Giữ kiểm thuốc như Mức 2 nếu cổng đạt. | E8: Không làm Mức 3. 0 bản nháp được gửi khi thiếu chữ ký bác sĩ. | F8: Phân quyền gửi và chữ ký bắt buộc, audit mọi lần xuất. | G8: Không cam kết | I8: Không áp dụng | J8: =IF(H8="","",$B$12+$B$13+IF(I8="Người của mình",H8*$B$14*$B$15/60,0)) | K8: =IF(J8="","",IFERROR(($B$16-$B$17*J8)/$B$16,"")) | L8: =IF(K8="","",IF(K8>=0.6,"Đạt","Dưới ngưỡng")) | M8: =IF(E8="","",IF(OR(ISNUMBER(SEARCH("0",E8)),ISNUMBER(SEARCH("1",E8)),ISNUMBER(SEARCH("2",E8)),ISNUMBER(SEARCH("3",E8)),ISNUMBER(SEARCH("4",E8)),ISNUMBER(SEARCH("5",E8)),ISNUMBER(SEARCH("6",E8)),ISNUMBER(SEARCH("7",E8)),ISNUMBER(SEARCH("8",E8)),ISNUMBER(SEARCH("9",E8))),"Có","Thiếu")) -> Có
A11: SỐ LIỆU KINH TẾ CỦA ĐỀ (đã điền sẵn từ hồ sơ tình huống; sửa được nếu nhóm có lý do)
A12: Chi phí gọi AI / việc (đã tính gọi lại) | B12: 2968 | C12: Hồ sơ, bảng Số liệu kinh tế, dòng 1
A13: Hạ tầng + đánh giá + khác / việc | B13: 1200 | C13: dòng 2
A14: Số phút người duyệt / việc | B14: 3 | C14: dòng 3
A15: Chi phí 1 giờ người duyệt (đ) | B15: 150000 | C15: dòng 4
A16: Doanh thu bình quân / khách / tháng (đ) | B16: 15000000 | C16: dòng 5
A17: Số việc bình quân / khách / tháng | B17: 1200 | C17: dòng 6
A18: Biến nguy hiểm nhất | B18: Tỷ lệ bản nháp bác sĩ phải sửa nhiều: quá 30% thì bác sĩ bỏ dùng | C18: dòng 7
A19: Điều kiện dừng đã chọn (theo đề) | B19: Hết tháng 3 thử nghiệm: bác sĩ phải sửa nhiều trên 30% bản nháp, hoặc có 1 lỗi thuốc lọt đến người bệnh, THÌ dừng, không mở sang khoa khác | C19: dòng 8
A20: Kịch bản xấu hết tiền ở tháng | B20: 9 | C20: dòng 9
A22: Ghi chú: bác sĩ của bệnh viện luôn đọc và ký, không tính vào chi phí của mình. Người duyệt của mình là dược sĩ kiểm tra phần thuốc. Mức 3 có thể ghi "Không làm".

Sheet 3_Bảng lộ trình
A1: 3 · Bảng lộ trình theo giả thuyết: Bây giờ / Tiếp theo / Sau này
A2: Bây giờ = cam kết (0–3 tháng) · Tiếp theo = định hướng (3–6 tháng) · Sau này = khám phá (6–12 tháng). Càng xa càng ít chi tiết.
A4: Dòng | B4: Bây giờ (0–3 tháng) | C4: Tiếp theo (3–6 tháng) | D4: Sau này (6–12 tháng)
A5: Việc chính (lấy từ trang 1) | B5: Đối chiếu thuốc (2), cờ mâu thuẫn (3), soạn nháp (1). Sửa lỗi insulin trước pilot. | C5: Thử Mức 2 trong nội khoa và lời dặn (4). Tích hợp mã hóa có sẵn (6) nếu đáng tiền. | D5: Khám phá chuyển khoa (5) sau khi có bộ đề riêng. Giữ bác sĩ ký 100%.
A6: Giả thuyết | B6: Soạn nháp có kiểm thuốc giúp bác sĩ giảm 2/3 thời gian mà không lọt lỗi thuốc. | C6: Giảm tỷ lệ dược sĩ phải duyệt còn 10% khi chất lượng không tụt. | D6: Mở thêm use case chỉ khi có dữ liệu và khả năng đo an toàn riêng.
A7: Chỉ số thành công và ngưỡng | B7: Ngày 90: thời gian hoàn tất giảm ≥66,7%/100 ca. Sửa nhiều ≤30%/≥300 ca pilot. Lỗi thuốc lọt người bệnh =0. | C7: Chi phí ≤5.000đ/việc, biên ≥60%. Duyệt dự kiến 10%, 0 lỗi thuốc/600 ca giữ kín. | D7: ≥100 ca chuyển khoa gán nhãn trước khi xây. Thử 50 ca: giảm ≥30% thời gian tra cứu.
A8: Mức tự động (trang 2) | B8: Mức 0 trước cổng. Mức 1 pilot có dược sĩ 100% và bác sĩ ký 100%. | C8: Mức 2 có điều kiện. Dược sĩ dự kiến 10%, bác sĩ đọc/ký 100%. | D8: Giữ Mức 2, không làm Mức 3 tự gửi.
A9: Cổng đánh giá | B9: Sửa lỗi insulin, thêm 5 ca và chạy lại đủ 45 ca: đạt quy về thực tế ≥95%, 0 lỗi nghiêm trọng, 0 tầng tụt, kappa ≥0,8. BS. Phương và DS. Hải ký xác nhận. Chạy shadow 2 tuần trước pilot, 0 lỗi thuốc sau duyệt. | C9: Chỉ xét khi Mức 1 đạt. 0 lỗi thuốc trên ≥600 ca giữ kín do DS. Hải đối chiếu (3/n ≈0,5%, không chứng minh an toàn tuyệt đối). ≥95% đạt trên bộ 45 ca, 0 tầng tụt. Pilot 10% ca thường trong 2 tuần: sửa nhiều ≤30%, tổng ca cần dược sĩ ≤10%. BS. Phương + DS. Hải duyệt. | D9: Bộ đề chuyển khoa độc lập có đủ 4 tầng. BS khoa nhận xác nhận 0 lỗi nghiêm trọng trước mọi pilot. Chưa đủ dữ liệu thì tiếp tục chờ.
A10: Điều kiện cần: dữ liệu / hạ tầng / tuân thủ | B10: 45 ca khử định danh, y lệnh có thời điểm, audit và rollback. Đặt 24 giờ chuyên gia cho vòng sửa (ước từ 20,3 giờ/40 ca). Pháp chế bệnh viện xác nhận quyền dùng/lưu dữ liệu trước pilot. | C10: Thu 600 ca giữ kín không dùng để chỉnh prompt. Dự kiến 30 giờ DS kiểm thuốc. Chốt phân quyền, giới hạn ca, theo dõi cờ và lỗi hằng ngày. | D10: Chỉ có điều kiện khám phá, không hứa ngày giao. Có bộ đề mới, khoa nhận, ngân sách và phê duyệt dữ liệu.
A11: Căn cứ kinh tế (số liệu của đề và trang 2) | B11: Nguồn đề: 2.968+1.200+100%×3×150.000/60=11.668đ/việc. Biên 6,66% ở 1.200 việc, 15 triệu/khoa/tháng. Pilot 3 tháng tốn tối đa ≈42 triệu biến phí. Ngân sách trần đề xuất 100 triệu. Kịch bản xấu hết tiền tháng 9. | C11: Duyệt 10%: chi phí 4.918đ, biên 60,66%. Để biên ≥60%, tỷ lệ duyệt tối đa 11,09% ở giá hiện tại. Nếu cần duyệt nhiều, giữ an toàn và tăng giá/giảm chi phí trước mở rộng. | D11: Chỉ đầu tư nếu có hợp đồng trả tiền và ngân sách vượt tháng 9. Không xây lại mã hóa đã có sẵn. Không giả định ký hợp đồng chắc chắn.
A12: Điều kiện dừng / đổi hướng | B12: NẾU ngày 30 còn ≥1 lỗi nghiêm trọng/45 ca THÌ giữ shadow và sửa. NẾU ngày 90 của pilot sửa nhiều >30%/≥300 ca THÌ dừng mở khoa. NẾU có 1 lỗi thuốc lọt đến người bệnh THÌ dừng ngay, không chờ ngày 90. | C12: NẾU ngày 90 chưa qua cổng 600 ca THÌ giữ Mức 1. Nếu duyệt >11,09% thì không mở rộng theo giá hiện tại. NẾU tháng 6 chưa có hợp đồng trả tiền THÌ dừng mở rộng, bảo toàn runway tháng 9. | D12: NẾU ngày 180 chưa có ≥100 ca gán nhãn THÌ tiếp tục chờ chuyển khoa. NẾU xuất hiện 1 lỗi thuốc lọt người bệnh THÌ tắt luồng ngay và điều tra.

Sheet 4_Rà soát
A1: 4 · Lịch rà soát lộ trình
A2: Rà soát theo lịch VÀ mỗi khi có sự kiện. Ở mốc 30/60/90 chọn 1 trong 4: đi tiếp, sửa, đổi hướng, dừng.
A4: Mốc / sự kiện | B4: Nhìn vào chỉ số nào | C4: Quyết định có thể đưa ra | D4: Ai quyết
A5: Ngày 30 của dự án | B5: 45 ca: ≥95% đạt, 0 lỗi nghiêm trọng, 0 tầng tụt, kappa ≥0,8. Có lịch chuyên gia và kết quả shadow. | C5: Qua đủ cổng thì mở pilot Mức 1. Còn lỗi thì sửa và giữ shadow. | D5: BS. Phương + DS. Hải xác nhận, PM quyết nguồn lực.
A6: Ngày 60 của dự án | B6: Pilot: lỗi thuốc lọt bệnh nhân, tỷ lệ sửa nhiều, thời gian hoàn tất. Theo dõi 100 ca mâu thuẫn và cờ thừa. | C6: Sửa hoặc đi tiếp Mức 1. Chặn ngay khi có 1 lỗi thuốc lọt. Nếu thiếu mẫu, chưa tăng mức. | D6: Trưởng khoa quyết an toàn, PM + kỹ sư sửa.
A7: Ngày 90 của dự án | B7: Cổng Mức 2 600 ca, chi phí/việc và biên. Mức giảm thời gian trên 100 ca. | C7: Qua đủ cổng thì pilot Mức 2 có giới hạn. Chưa đủ thì giữ Mức 1. Mốc dừng sửa nhiều >30% tính riêng ngày 90 từ lúc bắt đầu pilot. | D7: BS. Phương + DS. Hải + PM, lãnh đạo duyệt ngân sách.
A8: Có mô hình mới / giá đổi ≥20% / thông báo ngừng mô hình | B8: Chạy lại 45 ca và tập giữ kín. So chi phí, lỗi thuốc, độ tụt theo tầng, rủi ro bị nuốt. | C8: Trong 10 ngày: eval, tính chi phí, xem việc bị nuốt, chấm lại ưu tiên, báo thay đổi. Chỉ đổi model sau cổng và canary 2 tuần. | D8: Kỹ sư chạy eval, PM tính kinh tế, chuyên gia ký cổng.
A9: Nền tảng/đối thủ có tính năng tương tự | B9: Khả năng giữ nguồn thuốc, tích hợp bệnh viện, an toàn và tổng chi phí. | C9: Trong 14 ngày so mua/tự làm. Mua chức năng phổ thông nếu rẻ hơn và qua cổng, giữ năng lực đánh giá và workflow ký. | D9: PM + kỹ sư + đầu mối bệnh viện.
A10: Quy định hoặc yêu cầu bệnh viện thay đổi | B10: Quyền xử lý dữ liệu, thông báo AI, quyền truy cập, lưu trữ và trách nhiệm ký. | C10: Pháp chế đọc văn bản gốc, đánh giá khoảng trống trước mở rộng. Tạm dừng phần bị ảnh hưởng nếu chưa đáp ứng. | D10: Pháp chế/DPO bệnh viện + PM.
A12: Ngày 90 chưa đo được giá trị vòng đời thật: khách mới dùng 3 tháng. Chỉ dùng chỉ số đã có đủ dữ liệu.

Sheet 5_Slide lãnh đạo
A1: 5 · Lộ trình 1 slide cho lãnh đạo
A2: Kết luận trước. Không quá 60 chữ mỗi ô (cột C tự đếm).
C3: Số chữ | D3: Đạt?
A4: Kết luận (1 câu) | B4: Đề xuất pilot RaViện cho khoa nội sau khi sửa lỗi insulin, mục tiêu giảm 2/3 thời gian hoàn tất tóm tắt và quyết định mở rộng ngày 90 khi đạt cổng an toàn. | C4: =IF(TRIM(B4)="",0,LEN(TRIM(B4))-LEN(SUBSTITUTE(TRIM(B4)," ",""))+1) -> 34 | D4: =IF(C4=0,"Trống",IF(C4>60,"Quá 60 chữ","Đạt")) -> Đạt
A5: 3 việc chính | B5: Bây giờ: sửa insulin, thêm 5 ca, chạy lại 45 ca. Tiếp theo: giảm duyệt dược sĩ còn 10% sau cổng 600 ca. Sau này: xem xét chuyển khoa khi đủ dữ liệu, bác sĩ luôn ký 100%. | C5: =IF(TRIM(B5)="",0,LEN(TRIM(B5))-LEN(SUBSTITUTE(TRIM(B5)," ",""))+1) -> 38 | D5: =IF(C5=0,"Trống",IF(C5>60,"Quá 60 chữ","Đạt")) -> Đạt
A6: Cần gì (người, tiền, dữ liệu) | B6: Đề xuất trần 100 triệu/90 ngày: 42 triệu biến phí, 50 triệu kỹ thuật, 8 triệu chuyên gia. Cần 1 kỹ sư, 0,5 PM, 24 giờ BS/DS cho vòng sửa và dữ liệu khử định danh. | C6: =IF(TRIM(B6)="",0,LEN(TRIM(B6))-LEN(SUBSTITUTE(TRIM(B6)," ",""))+1) -> 36 | D6: =IF(C6=0,"Trống",IF(C6>60,"Quá 60 chữ","Đạt")) -> Đạt
A7: Rủi ro lớn nhất & cách xử lý | B7: Lỗi thuốc là rủi ro lớn nhất. Chỉ pilot sau 0 lỗi nghiêm trọng/45 ca. Bác sĩ ký 100%. Một lỗi thuốc lọt người bệnh: dừng ngay. Mức 2 cần 0 lỗi/600 ca giữ kín. | C7: =IF(TRIM(B7)="",0,LEN(TRIM(B7))-LEN(SUBSTITUTE(TRIM(B7)," ",""))+1) -> 35 | D7: =IF(C7=0,"Trống",IF(C7>60,"Quá 60 chữ","Đạt")) -> Đạt
A8: Khi nào xem lại | B8: Rà soát ngày 30/60/90 của dự án, khi model hoặc giá đổi. Ngày 90 pilot: sửa nhiều >30% thì dừng mở khoa. Tháng 6 chưa có hợp đồng trả tiền: dừng mở rộng, tránh hết tiền tháng 9. | C8: =IF(TRIM(B8)="",0,LEN(TRIM(B8))-LEN(SUBSTITUTE(TRIM(B8)," ",""))+1) -> 38 | D8: =IF(C8=0,"Trống",IF(C8>60,"Quá 60 chữ","Đạt")) -> Đạt

Sheet 6_Tự kiểm tra
A1: 6 · Tự kiểm tra
A2: Chưa 'Đạt' thì quay lại sửa trước khi nộp file.
A4: Điểm kiểm tra | B4: Kết quả | C4: Đạt?
A5: Số việc đã chấm điểm (cần ≥ 5) | B5: =COUNT('1_Danh sách việc'!M5:M14) -> 6 | C5: =IF(B5>=5,"Đạt","Xem lại") -> Đạt
A6: Việc được giữ lại mà thiếu giả thuyết hoặc chỉ số có con số (cần = 0) | B6: =COUNTIFS('1_Danh sách việc'!O5:O14,"Thiếu",'1_Danh sách việc'!P5:P14,"<>Không làm") -> 0 | C6: =IF(B5=0,"",IF(B6=0,"Đạt","Xem lại")) -> Đạt
A7: Số mức tự động có cổng đánh giá kèm con số (cần ≥ 2, không tính Mức 0) | B7: =COUNTIF('2_Mức tự động'!M6:M8,"Có") -> 3 | C7: =IF(B7>=2,"Đạt","Xem lại") -> Đạt
A8: Bảng lộ trình: số ô tầng 'Bây giờ' đã điền (cần 8/8) | B8: =COUNTA('3_Bảng lộ trình'!B5:B12) -> 8 | C8: =IF(B8=8,"Đạt","Xem lại") -> Đạt
A9: Điều kiện dừng tầng 'Bây giờ' có con số | B9: =IF(AND(LEN('3_Bảng lộ trình'!B12)>10,OR(ISNUMBER(SEARCH("0",'3_Bảng lộ trình'!B12)),ISNUMBER(SEARCH("1",'3_Bảng lộ trình'!B12)),ISNUMBER(SEARCH("2",'3_Bảng lộ trình'!B12)),ISNUMBER(SEARCH("3",'3_Bảng lộ trình'!B12)),ISNUMBER(SEARCH("4",'3_Bảng lộ trình'!B12)),ISNUMBER(SEARCH("5",'3_Bảng lộ trình'!B12)),ISNUMBER(SEARCH("6",'3_Bảng lộ trình'!B12)),ISNUMBER(SEARCH("7",'3_Bảng lộ trình'!B12)),ISNUMBER(SEARCH("8",'3_Bảng lộ trình'!B12)),ISNUMBER(SEARCH("9",'3_Bảng lộ trình'!B12)))),"Có","Chưa") -> Có | C9: =IF(B9="Có","Đạt","Xem lại") -> Đạt
A10: Căn cứ kinh tế có con số (từ số liệu của đề) | B10: =IF(AND(LEN('3_Bảng lộ trình'!B11)>10,OR(ISNUMBER(SEARCH("0",'3_Bảng lộ trình'!B11)),ISNUMBER(SEARCH("1",'3_Bảng lộ trình'!B11)),ISNUMBER(SEARCH("2",'3_Bảng lộ trình'!B11)),ISNUMBER(SEARCH("3",'3_Bảng lộ trình'!B11)),ISNUMBER(SEARCH("4",'3_Bảng lộ trình'!B11)),ISNUMBER(SEARCH("5",'3_Bảng lộ trình'!B11)),ISNUMBER(SEARCH("6",'3_Bảng lộ trình'!B11)),ISNUMBER(SEARCH("7",'3_Bảng lộ trình'!B11)),ISNUMBER(SEARCH("8",'3_Bảng lộ trình'!B11)),ISNUMBER(SEARCH("9",'3_Bảng lộ trình'!B11)))),"Có","Chưa") -> Có | C10: =IF(B10="Có","Đạt","Xem lại") -> Đạt
A11: Slide lãnh đạo: số ô đạt (đủ chữ, không quá 60 chữ; cần 5) | B11: =COUNTIF('5_Slide lãnh đạo'!D4:D8,"Đạt") -> 5 | C11: =IF(B11=5,"Đạt","Xem lại") -> Đạt
A12: Số mức tự động có biên lợi nhuận ≥ 60% (cần ≥ 1) | B12: =COUNTIF('2_Mức tự động'!L5:L8,"Đạt") -> 1 | C12: =IF(B12>=1,"Đạt","Xem lại") -> Đạt

Sheet 7_Thang điểm
A1: 7 · Thang điểm sản phẩm (100 điểm)
A4: Tiêu chí | B4: Điểm | C4: Bài đạt khi | D4: Điểm nhóm
A5: Theo kết quả và giả thuyết | B5: 20 | C5: Mỗi việc có giả thuyết, chỉ số và ngưỡng, không chỉ là tên tính năng
A6: Ưu tiên có căn cứ | B6: 20 | C6: Bảng điểm ≥ 5 việc; có sẵn sàng dữ liệu, đánh giá và rủi ro bị nuốt; dùng số liệu kinh tế của đề; đổi thứ tự hoặc bỏ việc thì ghi lý do
A7: Mức tự động và cổng đánh giá | B7: 25 | C7: ≥ 2 mức có cổng bằng con số (chỉ số, ngưỡng, cỡ mẫu); có vai trò của người; có chi phí mỗi việc theo mức
A8: Điều kiện cần và rủi ro | B8: 15 | C8: Nêu dữ liệu, hạ tầng, tuân thủ; điều kiện dừng đo được với quy mô thử nghiệm; có lịch rà soát
A9: Slide lãnh đạo | B9: 20 | C9: Kết luận trước, ≤ 60 chữ mỗi ô, trả lời được "cần gì" và "khi nào xem lại"
A10: TỔNG | B10: =SUM(B5:B9) -> 100 | D10: =SUM(D5:D9) -> 0
A15: THANG ĐIỂM TRÌNH BÀY (1–5 điểm mỗi tiêu chí)
A16: Tiêu chí | B16: Mức 1 | C16: Mức 3 | D16: Mức 5
A17: Rõ ràng | B17: Câu đầu chưa có kết luận; người nghe phải đoán nhóm làm gì trước | C17: Có kết luận nhưng nói sau phần mở đầu, hoặc thiếu mốc quyết định | D17: Câu đầu có việc làm trước, mục tiêu bằng số và ngày quyết định
A18: Bằng chứng | B18: Không có cổng đánh giá, hoặc số không có nguồn | C18: Có cổng nhưng thiếu cỡ mẫu hoặc căn cứ kinh tế | D18: Cổng đủ chỉ số, ngưỡng, cỡ mẫu; căn cứ kinh tế lấy từ số liệu của đề
A19: Trả lời phản biện | B19: Né câu hỏi hoặc trả lời chung chung | C19: Trả lời đúng ý nhưng không dẫn số | D19: Trả lời thẳng, dẫn đúng con số trong file
A20: Đúng giờ | B20: Quá 4 phút | C20: Từ 3 đến 4 phút | D20: Không quá 3 phút
A22: Mức 2 và 4 dùng khi bài nằm giữa hai mô tả. Bản chuẩn của buổi học không có phần trình bày trên lớp: điểm buổi = thang sản phẩm 100 điểm ở trên. Thang trình bày chỉ dùng khi giảng viên tổ chức trình bày.
